Cluster,Interests
0,"sports,adventure,food,joke,pets,fashion,culture"
1,"movie,food,politics,pets,fashion"
2,"science,adventure,sports,politics"
3,"food,pets,science,joke,adventure,movie,sports"
4,"joke,fashion,politics,science,culture"
5,culture
6,joke
7,"culture,pets,science,food,fashion,adventure,movie"
8,"fashion,politics,sports,culture,movie"
9,pets
10,"movie,science"
11,food
12,"movie,joke,adventure"
13,"fashion,sports,politics,pets,adventure,science"
14,"fashion,sports"
15,"culture,joke,sports"
16,"sports,pets,science,culture,politics"
17,"science,sports,politics,fashion,food,movie,joke"
18,politics
19,adventure
20,"joke,politics,pets,food,adventure,culture,movie"
21,"food,sports,politics,fashion,adventure,movie"
22,fashion
23,"pets,joke,fashion,science,sports"
24,sports
25,"adventure,pets,food"
26,"politics,science,pets,adventure,fashion"
27,"food,sports"
28,science
29,"food,pets,fashion,culture,movie,joke"
30,movie
31,"culture,adventure"
32,"politics,culture,movie,joke,food,science"
33,"science,culture,adventure,pets,politics"
34,"science,pets,food"
35,"politics,joke,food"
36,"adventure,movie,food,culture,sports,fashion"
37,"adventure,movie"
38,"fashion,politics,adventure"
39,"sports,politics,joke,pets,movie"
40,"adventure,science,fashion"
41,"joke,politics,culture,sports,adventure,food"
42,"sports,fashion,politics,culture,science,adventure"
43,"culture,pets"
44,"movie,fashion"
45,"adventure,food,science,joke"
46,"sports,science"
47,"culture,politics"
48,"movie,sports,politics"
49,"joke,culture,adventure,pets,sports,movie,science"
50,"fashion,food"
51,"movie,joke"
52,"fashion,joke"
53,"joke,pets"
54,"culture,science,movie"
55,"sports,pets"
56,"food,movie,science,sports,adventure,politics,culture"
57,"science,adventure,food,culture,fashion,movie,joke"
58,"adventure,pets,sports"
59,"pets,food,politics,science,sports"
60,"sports,joke"
61,"culture,fashion"
62,"joke,science"
63,"fashion,pets,adventure,culture"
64,"pets,politics"
65,"fashion,culture,movie,science,sports,pets"
66,"food,movie"
67,"politics,fashion,pets"
68,"culture,pets,fashion,sports,food,adventure,politics"
69,"culture,food"
70,"politics,joke,food,culture,pets"
71,"movie,food,joke,adventure,pets,fashion"
72,"science,joke,sports,food,adventure"
73,"politics,movie,science,food,joke,fashion"
74,"pets,food,politics,adventure,fashion,movie"
75,"politics,movie,food,science,adventure"
76,"science,politics"
77,"food,joke"
78,"food,politics,pets,adventure,movie,joke,sports"
79,"movie,pets,food"
80,"fashion,science,culture,movie,pets"
81,"science,food"
82,"sports,food,movie,science,pets,fashion"
83,"joke,politics"
84,"culture,sports"
85,"fashion,culture,sports,food,politics,science"
86,"science,pets"
87,"movie,science,joke,sports,politics,adventure"
88,"food,movie,sports"
89,"movie,pets"
90,"joke,sports,pets,food,culture,science"
91,"science,politics,culture,adventure,food,movie"
92,"sports,adventure"
93,"movie,sports"
94,"pets,fashion"
95,"sports,culture,politics,fashion"
96,"fashion,adventure"
97,"culture,politics,adventure,movie,science,joke"
98,"adventure,joke"
99,"adventure,science,fashion,pets,culture"
100,"joke,culture,adventure"
101,"fashion,science"
102,"fashion,adventure,joke,sports"
103,"politics,movie,culture,pets,joke,science,sports"
104,"fashion,pets,culture,sports"
105,"joke,fashion,culture,pets,movie"
106,"pets,politics,food,science,joke"
107,"science,joke,sports"
108,"food,sports,adventure,politics,pets"
109,"science,adventure,pets,joke"
110,"science,culture"
111,"politics,food"
112,"food,adventure"
113,"sports,pets,joke"
114,"fashion,movie,science,adventure"
115,"movie,joke,culture,fashion"
116,"movie,pets,adventure"
117,"movie,adventure,politics,fashion,joke"
118,"adventure,joke,movie,sports"
119,"food,fashion,politics,joke,movie"
120,"science,food,fashion,pets"
121,"sports,science,fashion,movie"
122,"culture,joke"
123,"culture,movie"
124,"pets,joke,sports,politics,adventure"
125,"joke,pets,science,movie,fashion"
126,"fashion,politics"
127,"food,culture,science,sports"
128,"adventure,politics,pets,sports,movie"
129,"politics,science,pets,movie"
130,"sports,food,culture,movie,joke"
131,"science,food,politics,movie,joke,pets,culture"
132,"science,food,sports,politics"
133,"adventure,pets"
134,"food,pets"
135,"pets,sports,science,movie,adventure,culture,food"
136,"politics,sports"
137,"sports,movie,fashion,adventure,culture,science"
138,"science,culture,politics,fashion,sports,pets,joke"
139,"science,adventure,sports,politics,food,joke,pets"
140,"pets,fashion,culture"
141,"food,fashion,culture"
142,"adventure,food,politics,fashion"
143,"joke,sports,science,food"
144,"pets,fashion,joke"
145,"politics,movie"
146,"food,pets,culture"
147,"joke,food,fashion,adventure,sports,politics,pets"
148,"politics,movie,adventure"
149,"science,adventure,movie,pets,sports"
150,"culture,science,fashion"
151,"movie,culture,adventure,food"
152,"culture,sports,adventure"
153,"science,politics,sports,movie,culture"
154,"sports,politics,joke"
155,"politics,culture,adventure,food"
156,"movie,pets,science,sports,adventure,politics"
157,"food,joke,fashion,sports,movie"
158,"sports,fashion,food"
159,"pets,sports,movie,joke,science"
160,"fashion,politics,science,movie"
161,"food,sports,pets,movie"
162,"sports,politics,culture,science"
163,"pets,adventure,food,sports,movie,science,fashion"
164,"culture,politics,movie,fashion,pets,adventure,food"
165,"science,adventure"
166,"movie,sports,pets,fashion,joke"
167,"food,adventure,joke,movie"
168,"food,fashion,movie"
169,"adventure,sports,science"
170,"pets,movie,joke,politics"
171,"culture,sports,pets,joke"
172,"sports,pets,food"
173,"politics,pets,culture"
174,"culture,pets,science,politics,joke"
175,"pets,culture,science,sports"
176,"politics,science,joke,fashion"
177,"science,politics,pets,food,fashion"
178,"pets,politics,adventure"
179,"science,culture,joke,movie"
180,"food,sports,culture"
181,"politics,sports,joke,pets,food"
182,"politics,food,joke,sports,culture"
183,"politics,pets,food,sports,science,movie,culture"
184,"movie,food,politics,culture"
185,"sports,joke,pets,science,fashion,movie"
186,"food,politics,adventure,culture,fashion,pets,joke"
187,"joke,food,culture"
188,"science,movie,politics"
189,"movie,food,science,culture"
190,"pets,politics,science"
191,"science,pets,culture,food,politics"
192,"politics,adventure"
193,"movie,adventure,culture,joke,pets,fashion,sports"
194,"food,fashion,culture,joke,adventure"
195,"politics,sports,culture"
196,"movie,fashion,culture,sports"
197,"food,culture,sports,pets,movie"
198,"pets,fashion,movie,adventure"
199,"adventure,movie,fashion"
200,"adventure,movie,food,culture,pets,politics"
201,"adventure,food,science,movie,pets,politics,joke"
202,"science,pets,joke"
203,"science,pets,culture"
204,"joke,movie,politics"
205,"politics,joke,culture"
206,"movie,adventure,pets,science,politics,culture"
207,"joke,sports,fashion"
208,"pets,movie,politics,food,sports"
209,"sports,movie,science"
210,"sports,adventure,science,food,joke,movie"
211,"food,politics,movie"
212,"food,joke,science"
213,"science,food,sports"
214,"joke,politics,adventure"
215,"movie,politics,fashion"
216,"adventure,movie,sports"
217,"sports,culture,science"
218,"science,fashion,joke"
219,"food,adventure,science"
220,"culture,politics,movie"
221,"sports,culture,pets"
222,"food,adventure,pets,science,culture,sports"
223,"movie,pets,fashion"
224,"movie,joke,pets,food,sports"
225,"culture,joke,food,pets,science,sports,movie"
226,"culture,movie,pets"
227,"pets,joke,adventure,culture,movie,politics"
228,"fashion,politics,food"
229,"pets,food,joke,science,fashion"
230,"science,food,fashion"
231,"culture,science,joke,sports,movie"
232,"fashion,politics,adventure,sports,science"
233,"culture,movie,joke,pets,science,food"
234,"adventure,food,joke"
235,"movie,sports,pets,politics"
236,"sports,food,joke,adventure"
237,"pets,movie,politics"
238,"fashion,science,food,joke,adventure,politics,movie"
239,"fashion,adventure,food,science,pets,sports,politics"
240,"food,adventure,pets,sports,joke"
241,"food,joke,pets"
242,"politics,food,pets"
243,"joke,pets,politics"
244,"food,joke,sports"
245,"movie,science,fashion"
246,"politics,food,adventure"
247,"joke,culture,movie,fashion,politics,food,sports"
248,"food,movie,fashion,science"
249,"food,movie,joke"
250,"food,culture,politics"
251,"pets,science,culture,joke,adventure,sports"
252,"politics,culture,fashion"
253,"fashion,culture,sports"
254,"food,science,politics"
255,"fashion,joke,food,adventure"
256,"adventure,movie,joke,sports,politics"
257,"science,pets,culture,adventure"
258,"fashion,science,pets"
259,"adventure,joke,politics,science"
260,"adventure,culture,fashion"
261,"movie,sports,culture"
262,"sports,adventure,politics"
263,"fashion,food,pets"
264,"science,joke,adventure"
265,"joke,pets,adventure,food,culture"
266,"joke,movie,science"
267,"pets,politics,movie,adventure,fashion,joke"
268,"movie,fashion,pets,joke,culture,science"
269,"sports,joke,movie"
270,"fashion,food,culture,pets,adventure"
271,"food,adventure,movie"
272,"movie,culture,science,politics"
273,"fashion,adventure,culture,movie"
274,"pets,movie,sports,science,food"
275,"sports,food,adventure"
276,"adventure,politics,pets,sports,culture"
277,"sports,adventure,fashion"
278,"culture,food,adventure"
279,"fashion,culture,joke,science"
280,"politics,science,culture,fashion"
281,"science,pets,joke,adventure,sports,food"
282,"culture,movie,politics,joke"
283,"sports,science,food,joke,politics,pets,culture"
284,"joke,science,pets,culture,adventure,politics,fashion"
285,"science,fashion,politics,pets,sports"
286,"movie,pets,joke"
287,"joke,movie,fashion"
288,"pets,sports,science,culture,joke,movie"
289,"movie,adventure,sports,fashion,pets"
290,"joke,adventure,fashion"
291,"politics,culture,science"
292,"science,sports,pets,adventure,joke"
293,"sports,politics,food"
294,"movie,joke,fashion,adventure,pets"
295,"culture,movie,sports,joke"
296,"fashion,pets,adventure"
297,"politics,fashion,food,joke,movie,pets,sports"
298,"sports,politics,pets,food,fashion"
299,"sports,politics,science,adventure,fashion,movie"
300,"pets,joke,fashion,movie,culture,food,science"
301,"sports,movie,pets"
302,"adventure,food,joke,politics"
303,"movie,adventure,culture"
304,"sports,adventure,culture,politics"
305,"adventure,science,politics"
306,"fashion,culture,joke"
307,"adventure,pets,joke"
308,"science,pets,movie"
309,"fashion,joke,politics,movie"
310,"sports,pets,science,fashion"
311,"culture,movie,joke,sports,adventure"
312,"science,sports,food,movie,fashion,joke,culture"
313,"food,culture,sports,adventure,movie,politics,pets"
314,"science,culture,adventure"
315,"culture,science,politics,fashion,joke,food,pets"
316,"movie,science,fashion,politics,adventure,joke"
317,"sports,fashion,movie"
318,"fashion,adventure,culture,science"
319,"food,culture,politics,adventure,joke,pets,sports"
320,"science,sports,adventure,joke"
321,"politics,adventure,culture"
322,"food,joke,sports,movie"
323,"sports,fashion,culture,adventure"
324,"movie,joke,adventure,pets,politics,food"
325,"culture,pets,joke"
326,"politics,fashion,adventure,food,sports,movie,culture"
327,"culture,science,adventure,politics"
328,"fashion,culture,adventure,joke"
329,"politics,joke,culture,sports"
330,"food,culture,movie"
331,"pets,culture,fashion,science"
332,"science,movie,politics,joke,fashion,culture,pets"
333,"movie,adventure,science"
334,"pets,culture,adventure"
335,"culture,movie,science,pets"
336,"politics,sports,science,joke"
337,"food,joke,culture,politics,adventure,fashion,sports"
338,"fashion,joke,food"
339,"pets,politics,science,joke"
340,"science,food,culture"
341,"pets,politics,science,adventure"
342,"culture,joke,science"
343,"fashion,movie,politics,food,culture"
344,"joke,culture,adventure,movie"
345,"culture,movie,joke"
346,"pets,politics,sports"
347,"movie,adventure,joke,politics,pets,sports,science"
348,"joke,food,adventure,science,politics,pets,culture"
349,"joke,politics,fashion"
350,"science,culture,politics,pets,adventure,movie,sports"
351,"food,movie,science"
352,"politics,food,joke,movie,pets,fashion,culture"
353,"science,politics,food,joke"
354,"food,science,adventure,movie"
355,"politics,pets,science,sports,joke,food"
356,"food,sports,politics,culture,pets,fashion,joke"
357,"movie,food,science,joke"
358,"pets,movie,culture,adventure,science,politics,food"
359,"fashion,sports,science"
360,"science,pets,adventure"
361,"pets,fashion,sports"
362,"culture,movie,fashion,pets"
363,"politics,food,science,adventure"
364,"politics,sports,fashion"
365,"fashion,pets,movie,adventure,politics"
366,"sports,fashion,culture,science,joke"
367,"adventure,sports,joke"
368,"fashion,joke,science,sports,pets,politics"
369,"adventure,food,culture,joke"
370,"pets,fashion,movie,food"
371,"adventure,fashion,science,food,joke,movie"
372,"adventure,pets,fashion,joke,food,movie,politics"
373,"fashion,sports,adventure,food,joke,culture,science"
374,"politics,joke,science"
375,"food,movie,sports,fashion,politics"
376,"culture,pets,science,adventure,movie,politics,fashion"
377,"science,food,movie,sports"
378,"culture,politics,joke,pets"
379,"sports,science,adventure,food,politics,culture"
380,"movie,politics,adventure,culture"
381,"adventure,food,fashion"
382,"science,movie,politics,adventure,fashion"
383,"culture,food,adventure,science,pets"
384,"pets,science,politics,culture,sports,fashion,movie"
385,"food,sports,adventure,politics,joke,culture,movie"
386,"joke,culture,sports,fashion,politics"
387,"movie,science,sports,adventure"
388,"joke,adventure,politics,culture"
389,"science,sports,politics"
390,"movie,politics,science,adventure"
391,"pets,sports,food,culture"
392,"science,adventure,fashion,pets"
393,"sports,science,food,adventure"
394,"fashion,pets,politics,movie"
395,"fashion,science,sports,politics"
396,"fashion,science,movie,culture"
397,"food,sports,movie,fashion,culture,science,adventure"
398,"culture,fashion,movie"
399,"joke,pets,food,movie,fashion,culture,sports"
400,"adventure,politics,pets,fashion"
401,"food,sports,politics,joke,adventure,movie"
402,"food,adventure,joke,pets,culture,movie,science"
403,"fashion,food,movie,adventure,sports"
404,"movie,culture,food,fashion,sports"
405,"movie,adventure,politics,pets"
406,"food,fashion,culture,politics"
407,"science,pets,movie,adventure"
408,"science,pets,sports,movie"
409,"joke,movie,science,adventure"
410,"adventure,food,fashion,sports,pets"
411,"fashion,science,sports,food"
412,"food,science,joke,movie,pets,politics,sports"
413,"adventure,culture,fashion,food"
414,"joke,food,pets,movie"
415,"pets,movie,sports,politics,culture,adventure,fashion"
416,"joke,culture,sports,politics,movie,fashion"
417,"movie,science,culture,food,fashion,pets,sports"
418,"culture,sports,fashion,pets,adventure,joke"
419,"joke,culture,movie,food"
420,"sports,politics,food,science,adventure"
421,"pets,culture,science,fashion,food,movie"
422,"food,adventure,movie,politics,pets"
423,"science,sports,adventure,pets"
424,"adventure,fashion,politics,sports,joke"
425,"fashion,culture,sports,science"
426,"pets,sports,science"
427,"food,politics,sports,fashion"
428,"pets,science,fashion,politics"
429,"politics,sports,joke,movie"
430,"science,joke,pets,culture"
431,"adventure,food,politics,movie,joke"
432,"fashion,science,politics"
433,"politics,fashion,pets,food"
434,"sports,food,joke,fashion,pets,movie,adventure"
435,"movie,culture,food,sports,joke,pets,adventure"
436,"politics,movie,sports,fashion"
437,"science,movie,politics,food"
438,"sports,fashion,culture,food"
439,"food,adventure,politics,pets,science,movie"
440,"science,sports,joke,food,pets"
441,"science,food,adventure,culture"
442,"politics,food,science,joke,pets,adventure"
443,"sports,science,food,movie,culture,adventure"
444,"politics,adventure,sports,movie,joke,culture"
445,"culture,joke,movie,sports,pets"
446,"movie,adventure,joke,politics"
447,"food,joke,politics,movie"
448,"movie,sports,joke,food,fashion,science,adventure"
449,"pets,politics,culture,adventure"
450,"movie,politics,culture,fashion,science,sports,food"
451,"fashion,joke,pets,culture"
452,"culture,science,fashion,pets,sports,adventure"
453,"pets,culture,movie,politics,food"
454,"adventure,fashion,movie,politics"
455,"politics,movie,science,food,sports"
456,"politics,culture,sports,pets"
457,"culture,joke,adventure,politics,sports,pets,fashion"
458,"fashion,joke,food,sports"
459,"science,sports,adventure,fashion"
460,"joke,food,politics,fashion,sports"
461,"pets,movie,fashion,joke,politics"
462,"sports,movie,culture,pets"
463,"fashion,politics,pets,culture,joke,movie"
464,"adventure,sports,movie,fashion"
465,"culture,joke,politics,food"
466,"sports,politics,adventure,pets,science,food,culture"
467,"politics,science,joke,sports,culture"
468,"joke,adventure,politics,science,fashion"
469,"adventure,sports,science,fashion,food,movie,politics"
470,"movie,joke,pets,culture,adventure"
471,"food,sports,adventure,politics"
472,"science,joke,fashion,movie"
473,"adventure,fashion,politics,science"
474,"politics,adventure,science,fashion,food,joke,culture"
475,"science,fashion,sports,adventure,joke"
476,"politics,food,movie,fashion"
477,"adventure,politics,culture,sports,movie,science"
478,"pets,food,fashion,culture"
479,"politics,joke,adventure,sports"
480,"movie,sports,adventure,culture,joke,fashion"
481,"culture,adventure,food,fashion,joke,politics"
482,"politics,joke,food,science,culture"
483,"joke,pets,food,culture,fashion"
484,"adventure,culture,science,sports,pets"
485,"adventure,food,culture,science,fashion"
486,"politics,culture,movie,joke,food"
487,"pets,fashion,food,politics,movie,joke"
488,"movie,pets,joke,culture,science"
489,"politics,movie,science,sports"
490,"adventure,joke,pets,culture"
491,"movie,adventure,science,politics,fashion,culture"
492,"sports,politics,pets,science"
493,"science,food,pets,fashion,adventure,joke"
494,"food,sports,fashion,pets,movie,politics"
495,"pets,food,joke,sports"
496,"sports,adventure,joke,culture"
497,"movie,sports,food,fashion"
498,"science,sports,movie,food,joke,pets"
499,"pets,food,adventure,joke,fashion,science,culture"
500,"pets,joke,food,science"
501,"science,joke,culture,sports,food"
502,"politics,adventure,culture,food,pets,fashion,science"
503,"joke,politics,science,movie,culture,pets,adventure"
504,"science,food,adventure,fashion"
505,"adventure,fashion,food,sports"
506,"movie,adventure,joke,pets"
507,"pets,sports,adventure,movie"
508,"culture,adventure,sports,joke,food,movie"
509,"pets,science,fashion,food,sports"
510,"sports,science,pets,joke"
511,"politics,culture,pets,food,fashion,science,movie"
512,"fashion,culture,science,food"
513,"joke,movie,sports,fashion"
514,"movie,fashion,food,politics,joke,culture"
515,"adventure,sports,joke,pets"
516,"pets,fashion,culture,food,movie,adventure"
517,"food,adventure,sports,movie"
518,"adventure,joke,science,movie,culture"
519,"pets,joke,science,politics,fashion,movie,sports"
520,"adventure,food,sports,culture"
521,"science,fashion,joke,food"
522,"adventure,sports,science,fashion,food,movie"
523,"sports,movie,culture,pets,adventure,fashion"
524,"food,science,joke,culture"
525,"food,pets,politics,fashion,sports,movie,adventure"
526,"fashion,culture,politics,pets"
527,"pets,food,culture,science"
528,"joke,sports,science,culture,fashion,food,politics"
529,"politics,sports,fashion,culture,pets,movie,food"
530,"sports,adventure,science,joke,politics,pets,culture"
531,"food,fashion,sports,culture,politics,pets"
532,"science,pets,movie,food"
533,"sports,pets,adventure,fashion"
534,"movie,culture,joke,pets"
535,"joke,fashion,movie,food"
536,"sports,joke,science,movie"
537,"science,sports,joke,culture"
538,"pets,culture,food,adventure"
539,"adventure,movie,culture,pets"
540,"pets,adventure,joke,politics"
541,"culture,politics,fashion,science,adventure"
542,"politics,culture,science,joke"
543,"food,pets,sports,movie,adventure,culture"
544,"adventure,sports,joke,movie,culture,pets,politics"
545,"food,pets,joke,movie,culture"
546,"adventure,food,science,pets"
547,"culture,politics,pets,science"
548,"movie,culture,science,sports"
549,"movie,fashion,food,adventure,joke,culture,pets"
550,"politics,sports,movie,culture,joke"
551,"culture,movie,adventure,joke,fashion,politics,food"
552,"adventure,sports,science,culture"
553,"adventure,food,joke,politics,science,movie"
554,"movie,joke,food,science,culture"
555,"pets,adventure,sports,politics"
556,"movie,science,food,politics,culture,joke,sports"
557,"politics,food,fashion,culture,sports,joke"
558,"pets,food,adventure,politics,movie,sports,science"
559,"food,politics,culture,sports"
560,"fashion,joke,science,politics,adventure,sports,food"
561,"science,sports,food,pets"
562,"adventure,food,science,joke,movie,culture,sports"
563,"movie,politics,fashion,pets,joke,culture,sports"
564,"joke,politics,science,movie"
565,"culture,food,movie,joke,adventure"
566,"politics,food,joke,adventure,culture"
567,"joke,politics,food,sports"
568,"culture,politics,movie,fashion"
569,"food,fashion,science,politics"
570,"sports,food,movie,adventure,science,joke,politics"
571,"adventure,joke,culture,science"
572,"sports,food,joke,science,movie"
573,"science,sports,joke,politics,movie,fashion"
574,"pets,culture,food,joke"
575,"fashion,food,movie,adventure"
576,"culture,science,adventure,movie,food"
577,"sports,adventure,politics,movie,food"
578,"culture,adventure,fashion,joke,sports"
579,"sports,pets,joke,politics,fashion"
580,"adventure,food,culture,sports,fashion"
581,"pets,fashion,science,movie"
582,"fashion,science,sports,food,joke,politics"
583,"sports,politics,pets,joke"
584,"politics,sports,science,pets,joke"
585,"adventure,politics,fashion,sports"
586,"pets,joke,food,adventure"
587,"culture,adventure,science,sports,movie"
588,"politics,fashion,sports,pets"
589,"adventure,culture,joke,pets,food,fashion"
590,"fashion,politics,sports,joke,adventure,movie"
591,"food,sports,movie,culture,pets,politics,joke"
592,"fashion,science,food,movie,pets,politics"
593,"fashion,adventure,food,pets"
594,"food,pets,fashion,sports,politics,adventure"
595,"politics,fashion,culture,food,joke"
596,"sports,pets,politics,food"
597,"movie,food,sports,culture,politics"
598,"joke,movie,science,food,politics"
599,"science,fashion,movie,pets,sports"
